id;id_maitre_ouvrage;nom;email;tel;contact_personne
1;33810;deposit Kansas;Leila79@gmail.com;infomediaries Coordinator navigate;Accountability alarm calculate
2;27407;COM Customer;Dennis8@yahoo.com;COM Armenia;national Springs Health
3;19133;primary synthesize;Alana_Wiza0@yahoo.com;Chips Specialist Tasty;European Unit of Account 9(E.U.A.-9)
4;11380;Incredible Metal Chips JSON models;Lourdes80@hotmail.com;Fundamental Nebraska Response;workforce Principal
5;70159;contextually-based aggregate Port;Florencio13@yahoo.com;Mouse plum;innovative
6;42433;digital Wooden Expressway;Gracie.Shanahan@hotmail.com;database;coherent proactive
7;63537;Central digital;Jany.Denesik44@yahoo.com;Road Fish;payment
8;21685;target;Estella.Wintheiser77@gmail.com;Integrated;digital transform
9;4057;array Madagascar;Anabelle47@hotmail.com;Rustic Rubber Cheese;Personal Loan Account bluetooth
10;88514;green;Lauriane_Treutel@gmail.com;users;Accounts Gorgeous Steel Keyboard Dominican Peso
